review_id,platform,product_name,rating,review_text,review_date,sentiment
REV-000000,Amazon,温奶器,1,用户评价内容,2026-01-01 00:00:00.000000000,positive
REV-000001,DTC,温奶器,3,用户评价内容,2026-01-01 02:40:24.030037546,positive
REV-000002,DTC,吸奶器Pro,5,用户评价内容,2026-01-01 05:20:48.060075093,neutral
REV-000003,Amazon,吸奶器Pro,4,用户评价内容,2026-01-01 08:01:12.090112640,positive
REV-000004,DTC,哺乳内衣,2,用户评价内容,2026-01-01 10:41:36.120150187,positive
REV-000005,Amazon,奶瓶套装,3,用户评价内容,2026-01-01 13:22:00.150187734,negative
REV-000006,TikTok,储奶袋100只,2,用户评价内容,2026-01-01 16:02:24.180225281,positive
REV-000007,DTC,哺乳内衣,4,用户评价内容,2026-01-01 18:42:48.210262828,positive
REV-000008,TikTok,储奶袋100只,2,用户评价内容,2026-01-01 21:23:12.240300375,positive
REV-000009,Amazon,吸奶器Pro,1,用户评价内容,2026-01-02 00:03:36.270337922,positive
REV-000010,TikTok,储奶袋100只,3,用户评价内容,2026-01-02 02:44:00.300375469,positive
REV-000011,DTC,温奶器,5,用户评价内容,2026-01-02 05:24:24.330413016,positive
REV-000012,Amazon,哺乳内衣,3,用户评价内容,2026-01-02 08:04:48.360450563,positive
REV-000013,TikTok,吸奶器Pro,2,用户评价内容,2026-01-02 10:45:12.390488110,positive
REV-000014,Amazon,奶瓶套装,1,用户评价内容,2026-01-02 13:25:36.420525657,negative
REV-000015,Amazon,温奶器,5,用户评价内容,2026-01-02 16:06:00.450563204,negative
REV-000016,TikTok,温奶器,4,用户评价内容,2026-01-02 18:46:24.480600750,positive
REV-000017,Amazon,哺乳内衣,1,用户评价内容,2026-01-02 21:26:48.510638297,positive
REV-000018,DTC,吸奶器Pro,1,用户评价内容,2026-01-03 00:07:12.540675844,neutral
REV-000019,Amazon,储奶袋100只,1,用户评价内容,2026-01-03 02:47:36.570713391,negative
REV-000020,Amazon,储奶袋100只,2,用户评价内容,2026-01-03 05:28:00.600750938,negative
REV-000021,Amazon,吸奶器Pro,5,用户评价内容,2026-01-03 08:08:24.630788485,positive
REV-000022,Amazon,吸奶器Pro,1,用户评价内容,2026-01-03 10:48:48.660826032,positive
REV-000023,DTC,储奶袋100只,5,用户评价内容,2026-01-03 13:29:12.690863579,positive
REV-000024,DTC,奶瓶套装,1,用户评价内容,2026-01-03 16:09:36.720901126,neutral
REV-000025,Amazon,储奶袋100只,4,用户评价内容,2026-01-03 18:50:00.750938673,positive
REV-000026,DTC,奶瓶套装,2,用户评价内容,2026-01-03 21:30:24.780976220,positive
REV-000027,Amazon,储奶袋100只,5,用户评价内容,2026-01-04 00:10:48.811013767,positive
REV-000028,DTC,吸奶器Pro,3,用户评价内容,2026-01-04 02:51:12.841051314,positive
REV-000029,TikTok,温奶器,2,用户评价内容,2026-01-04 05:31:36.871088861,neutral
REV-000030,TikTok,奶瓶套装,2,用户评价内容,2026-01-04 08:12:00.901126408,positive
REV-000031,TikTok,储奶袋100只,5,用户评价内容,2026-01-04 10:52:24.931163954,neutral
REV-000032,Amazon,温奶器,3,用户评价内容,2026-01-04 13:32:48.961201501,neutral
REV-000033,Amazon,温奶器,2,用户评价内容,2026-01-04 16:13:12.991239048,neutral
REV-000034,TikTok,温奶器,4,用户评价内容,2026-01-04 18:53:37.021276595,positive
REV-000035,Amazon,吸奶器Pro,3,用户评价内容,2026-01-04 21:34:01.051314142,neutral
REV-000036,TikTok,哺乳内衣,4,用户评价内容,2026-01-05 00:14:25.081351689,neutral
REV-000037,DTC,温奶器,3,用户评价内容,2026-01-05 02:54:49.111389236,positive
REV-000038,Amazon,温奶器,1,用户评价内容,2026-01-05 05:35:13.141426783,positive
REV-000039,TikTok,储奶袋100只,1,用户评价内容,2026-01-05 08:15:37.171464330,neutral
REV-000040,DTC,温奶器,1,用户评价内容,2026-01-05 10:56:01.201501877,positive
REV-000041,TikTok,奶瓶套装,3,用户评价内容,2026-01-05 13:36:25.231539424,positive
REV-000042,DTC,奶瓶套装,3,用户评价内容,2026-01-05 16:16:49.261576971,positive
REV-000043,Amazon,奶瓶套装,4,用户评价内容,2026-01-05 18:57:13.291614518,positive
REV-000044,TikTok,哺乳内衣,5,用户评价内容,2026-01-05 21:37:37.321652065,positive
REV-000045,Amazon,吸奶器Pro,1,用户评价内容,2026-01-06 00:18:01.351689612,neutral
REV-000046,DTC,奶瓶套装,5,用户评价内容,2026-01-06 02:58:25.381727158,positive
REV-000047,DTC,温奶器,5,用户评价内容,2026-01-06 05:38:49.411764705,neutral
REV-000048,TikTok,奶瓶套装,4,用户评价内容,2026-01-06 08:19:13.441802252,positive
REV-000049,TikTok,储奶袋100只,3,用户评价内容,2026-01-06 10:59:37.471839799,positive
REV-000050,DTC,吸奶器Pro,1,用户评价内容,2026-01-06 13:40:01.501877346,positive
REV-000051,TikTok,奶瓶套装,1,用户评价内容,2026-01-06 16:20:25.531914893,neutral
REV-000052,Amazon,哺乳内衣,1,用户评价内容,2026-01-06 19:00:49.561952440,negative
REV-000053,Amazon,奶瓶套装,4,用户评价内容,2026-01-06 21:41:13.591989987,positive
REV-000054,TikTok,温奶器,3,用户评价内容,2026-01-07 00:21:37.622027534,positive
REV-000055,DTC,哺乳内衣,1,用户评价内容,2026-01-07 03:02:01.652065081,positive
REV-000056,DTC,奶瓶套装,1,用户评价内容,2026-01-07 05:42:25.682102628,positive
REV-000057,Amazon,吸奶器Pro,1,用户评价内容,2026-01-07 08:22:49.712140175,neutral
REV-000058,Amazon,奶瓶套装,4,用户评价内容,2026-01-07 11:03:13.742177722,positive
REV-000059,TikTok,吸奶器Pro,4,用户评价内容,2026-01-07 13:43:37.772215269,negative
REV-000060,TikTok,哺乳内衣,4,用户评价内容,2026-01-07 16:24:01.802252816,positive
REV-000061,TikTok,吸奶器Pro,1,用户评价内容,2026-01-07 19:04:25.832290363,positive
REV-000062,DTC,温奶器,1,用户评价内容,2026-01-07 21:44:49.862327909,neutral
REV-000063,DTC,储奶袋100只,1,用户评价内容,2026-01-08 00:25:13.892365456,positive
REV-000064,Amazon,奶瓶套装,4,用户评价内容,2026-01-08 03:05:37.922403003,neutral
REV-000065,Amazon,吸奶器Pro,4,用户评价内容,2026-01-08 05:46:01.952440550,positive
REV-000066,DTC,储奶袋100只,2,用户评价内容,2026-01-08 08:26:25.982478097,neutral
REV-000067,DTC,温奶器,1,用户评价内容,2026-01-08 11:06:50.012515644,positive
REV-000068,Amazon,储奶袋100只,2,用户评价内容,2026-01-08 13:47:14.042553191,positive
REV-000069,DTC,奶瓶套装,5,用户评价内容,2026-01-08 16:27:38.072590738,neutral
REV-000070,DTC,温奶器,1,用户评价内容,2026-01-08 19:08:02.102628285,positive
REV-000071,TikTok,哺乳内衣,4,用户评价内容,2026-01-08 21:48:26.132665832,positive
REV-000072,TikTok,吸奶器Pro,3,用户评价内容,2026-01-09 00:28:50.162703379,neutral
REV-000073,DTC,储奶袋100只,1,用户评价内容,2026-01-09 03:09:14.192740926,positive
REV-000074,DTC,储奶袋100只,5,用户评价内容,2026-01-09 05:49:38.222778473,negative
REV-000075,TikTok,储奶袋100只,3,用户评价内容,2026-01-09 08:30:02.252816020,neutral
REV-000076,TikTok,储奶袋100只,4,用户评价内容,2026-01-09 11:10:26.282853567,neutral
REV-000077,Amazon,奶瓶套装,1,用户评价内容,2026-01-09 13:50:50.312891113,positive
REV-000078,TikTok,储奶袋100只,2,用户评价内容,2026-01-09 16:31:14.342928660,positive
REV-000079,Amazon,储奶袋100只,4,用户评价内容,2026-01-09 19:11:38.372966207,negative
REV-000080,DTC,奶瓶套装,4,用户评价内容,2026-01-09 21:52:02.403003754,positive
REV-000081,Amazon,储奶袋100只,1,用户评价内容,2026-01-10 00:32:26.433041301,positive
REV-000082,TikTok,储奶袋100只,4,用户评价内容,2026-01-10 03:12:50.463078848,positive
REV-000083,Amazon,奶瓶套装,5,用户评价内容,2026-01-10 05:53:14.493116395,positive
REV-000084,TikTok,温奶器,4,用户评价内容,2026-01-10 08:33:38.523153942,positive
REV-000085,Amazon,奶瓶套装,2,用户评价内容,2026-01-10 11:14:02.553191489,neutral
REV-000086,Amazon,奶瓶套装,5,用户评价内容,2026-01-10 13:54:26.583229036,neutral
REV-000087,DTC,温奶器,4,用户评价内容,2026-01-10 16:34:50.613266583,negative
REV-000088,TikTok,哺乳内衣,1,用户评价内容,2026-01-10 19:15:14.643304130,positive
REV-000089,Amazon,储奶袋100只,1,用户评价内容,2026-01-10 21:55:38.673341677,positive
REV-000090,Amazon,储奶袋100只,5,用户评价内容,2026-01-11 00:36:02.703379224,positive
REV-000091,Amazon,奶瓶套装,2,用户评价内容,2026-01-11 03:16:26.733416771,neutral
REV-000092,DTC,奶瓶套装,1,用户评价内容,2026-01-11 05:56:50.763454317,positive
REV-000093,Amazon,吸奶器Pro,3,用户评价内容,2026-01-11 08:37:14.793491864,positive
REV-000094,TikTok,吸奶器Pro,3,用户评价内容,2026-01-11 11:17:38.823529411,positive
REV-000095,Amazon,储奶袋100只,3,用户评价内容,2026-01-11 13:58:02.853566958,neutral
REV-000096,TikTok,温奶器,4,用户评价内容,2026-01-11 16:38:26.883604505,neutral
REV-000097,TikTok,哺乳内衣,5,用户评价内容,2026-01-11 19:18:50.913642052,negative
REV-000098,TikTok,温奶器,4,用户评价内容,2026-01-11 21:59:14.943679599,positive
REV-000099,TikTok,吸奶器Pro,1,用户评价内容,2026-01-12 00:39:38.973717146,negative
REV-000100,TikTok,奶瓶套装,1,用户评价内容,2026-01-12 03:20:03.003754693,positive
REV-000101,Amazon,奶瓶套装,1,用户评价内容,2026-01-12 06:00:27.033792240,positive
REV-000102,DTC,奶瓶套装,2,用户评价内容,2026-01-12 08:40:51.063829787,positive
REV-000103,TikTok,奶瓶套装,2,用户评价内容,2026-01-12 11:21:15.093867334,positive
REV-000104,DTC,储奶袋100只,5,用户评价内容,2026-01-12 14:01:39.123904881,positive
REV-000105,TikTok,吸奶器Pro,2,用户评价内容,2026-01-12 16:42:03.153942428,positive
REV-000106,TikTok,温奶器,1,用户评价内容,2026-01-12 19:22:27.183979975,positive
REV-000107,TikTok,温奶器,5,用户评价内容,2026-01-12 22:02:51.214017521,neutral
REV-000108,Amazon,吸奶器Pro,2,用户评价内容,2026-01-13 00:43:15.244055068,neutral
REV-000109,DTC,奶瓶套装,5,用户评价内容,2026-01-13 03:23:39.274092615,neutral
REV-000110,Amazon,奶瓶套装,4,用户评价内容,2026-01-13 06:04:03.304130162,positive
REV-000111,Amazon,哺乳内衣,5,用户评价内容,2026-01-13 08:44:27.334167709,positive
REV-000112,Amazon,温奶器,5,用户评价内容,2026-01-13 11:24:51.364205256,neutral
REV-000113,DTC,奶瓶套装,1,用户评价内容,2026-01-13 14:05:15.394242803,positive
REV-000114,DTC,哺乳内衣,4,用户评价内容,2026-01-13 16:45:39.424280350,positive
REV-000115,TikTok,温奶器,3,用户评价内容,2026-01-13 19:26:03.454317897,positive
REV-000116,TikTok,温奶器,4,用户评价内容,2026-01-13 22:06:27.484355444,neutral
REV-000117,TikTok,储奶袋100只,4,用户评价内容,2026-01-14 00:46:51.514392991,positive
REV-000118,Amazon,温奶器,3,用户评价内容,2026-01-14 03:27:15.544430538,neutral
REV-000119,DTC,奶瓶套装,2,用户评价内容,2026-01-14 06:07:39.574468085,positive
REV-000120,TikTok,吸奶器Pro,5,用户评价内容,2026-01-14 08:48:03.604505632,positive
REV-000121,Amazon,哺乳内衣,4,用户评价内容,2026-01-14 11:28:27.634543179,positive
REV-000122,DTC,温奶器,5,用户评价内容,2026-01-14 14:08:51.664580726,positive
REV-000123,TikTok,储奶袋100只,2,用户评价内容,2026-01-14 16:49:15.694618272,positive
REV-000124,TikTok,奶瓶套装,5,用户评价内容,2026-01-14 19:29:39.724655819,neutral
REV-000125,TikTok,储奶袋100只,2,用户评价内容,2026-01-14 22:10:03.754693366,positive
REV-000126,DTC,吸奶器Pro,3,用户评价内容,2026-01-15 00:50:27.784730913,positive
REV-000127,DTC,温奶器,5,用户评价内容,2026-01-15 03:30:51.814768460,neutral
REV-000128,DTC,吸奶器Pro,2,用户评价内容,2026-01-15 06:11:15.844806007,positive
REV-000129,TikTok,奶瓶套装,2,用户评价内容,2026-01-15 08:51:39.874843554,positive
REV-000130,DTC,吸奶器Pro,5,用户评价内容,2026-01-15 11:32:03.904881101,positive
REV-000131,DTC,哺乳内衣,5,用户评价内容,2026-01-15 14:12:27.934918648,positive
REV-000132,Amazon,温奶器,2,用户评价内容,2026-01-15 16:52:51.964956195,positive
REV-000133,DTC,哺乳内衣,2,用户评价内容,2026-01-15 19:33:15.994993742,neutral
REV-000134,Amazon,哺乳内衣,2,用户评价内容,2026-01-15 22:13:40.025031289,positive
REV-000135,DTC,温奶器,1,用户评价内容,2026-01-16 00:54:04.055068836,neutral
REV-000136,TikTok,温奶器,3,用户评价内容,2026-01-16 03:34:28.085106383,positive
REV-000137,TikTok,温奶器,2,用户评价内容,2026-01-16 06:14:52.115143930,neutral
REV-000138,DTC,储奶袋100只,5,用户评价内容,2026-01-16 08:55:16.145181476,neutral
REV-000139,TikTok,奶瓶套装,1,用户评价内容,2026-01-16 11:35:40.175219023,positive
REV-000140,TikTok,温奶器,4,用户评价内容,2026-01-16 14:16:04.205256570,positive
REV-000141,DTC,储奶袋100只,3,用户评价内容,2026-01-16 16:56:28.235294117,positive
REV-000142,TikTok,哺乳内衣,4,用户评价内容,2026-01-16 19:36:52.265331664,negative
REV-000143,DTC,吸奶器Pro,1,用户评价内容,2026-01-16 22:17:16.295369211,negative
REV-000144,TikTok,温奶器,3,用户评价内容,2026-01-17 00:57:40.325406758,positive
REV-000145,DTC,哺乳内衣,4,用户评价内容,2026-01-17 03:38:04.355444305,neutral
REV-000146,Amazon,哺乳内衣,2,用户评价内容,2026-01-17 06:18:28.385481852,positive
REV-000147,Amazon,温奶器,5,用户评价内容,2026-01-17 08:58:52.415519399,positive
REV-000148,TikTok,储奶袋100只,3,用户评价内容,2026-01-17 11:39:16.445556946,neutral
REV-000149,Amazon,奶瓶套装,2,用户评价内容,2026-01-17 14:19:40.475594493,positive
REV-000150,TikTok,温奶器,1,用户评价内容,2026-01-17 17:00:04.505632040,positive
REV-000151,Amazon,吸奶器Pro,1,用户评价内容,2026-01-17 19:40:28.535669587,neutral
REV-000152,DTC,温奶器,3,用户评价内容,2026-01-17 22:20:52.565707134,positive
REV-000153,DTC,储奶袋100只,3,用户评价内容,2026-01-18 01:01:16.595744680,neutral
REV-000154,DTC,奶瓶套装,5,用户评价内容,2026-01-18 03:41:40.625782227,positive
REV-000155,Amazon,奶瓶套装,4,用户评价内容,2026-01-18 06:22:04.655819774,positive
REV-000156,Amazon,哺乳内衣,1,用户评价内容,2026-01-18 09:02:28.685857321,positive
REV-000157,DTC,温奶器,3,用户评价内容,2026-01-18 11:42:52.715894868,negative
REV-000158,DTC,储奶袋100只,3,用户评价内容,2026-01-18 14:23:16.745932415,positive
REV-000159,TikTok,吸奶器Pro,1,用户评价内容,2026-01-18 17:03:40.775969962,positive
REV-000160,DTC,奶瓶套装,4,用户评价内容,2026-01-18 19:44:04.806007509,neutral
REV-000161,Amazon,哺乳内衣,3,用户评价内容,2026-01-18 22:24:28.836045056,negative
REV-000162,Amazon,哺乳内衣,1,用户评价内容,2026-01-19 01:04:52.866082603,negative
REV-000163,DTC,哺乳内衣,3,用户评价内容,2026-01-19 03:45:16.896120150,positive
REV-000164,DTC,储奶袋100只,4,用户评价内容,2026-01-19 06:25:40.926157697,positive
REV-000165,TikTok,温奶器,2,用户评价内容,2026-01-19 09:06:04.956195244,positive
REV-000166,DTC,吸奶器Pro,2,用户评价内容,2026-01-19 11:46:28.986232791,neutral
REV-000167,DTC,吸奶器Pro,1,用户评价内容,2026-01-19 14:26:53.016270338,negative
REV-000168,Amazon,吸奶器Pro,2,用户评价内容,2026-01-19 17:07:17.046307884,neutral
REV-000169,Amazon,温奶器,5,用户评价内容,2026-01-19 19:47:41.076345431,positive
REV-000170,TikTok,吸奶器Pro,4,用户评价内容,2026-01-19 22:28:05.106382978,positive
REV-000171,DTC,哺乳内衣,1,用户评价内容,2026-01-20 01:08:29.136420525,positive
REV-000172,DTC,温奶器,3,用户评价内容,2026-01-20 03:48:53.166458072,positive
REV-000173,DTC,哺乳内衣,1,用户评价内容,2026-01-20 06:29:17.196495619,positive
REV-000174,Amazon,温奶器,3,用户评价内容,2026-01-20 09:09:41.226533166,positive
REV-000175,DTC,吸奶器Pro,1,用户评价内容,2026-01-20 11:50:05.256570713,neutral
REV-000176,DTC,奶瓶套装,4,用户评价内容,2026-01-20 14:30:29.286608260,negative
REV-000177,Amazon,奶瓶套装,3,用户评价内容,2026-01-20 17:10:53.316645807,neutral
REV-000178,DTC,哺乳内衣,4,用户评价内容,2026-01-20 19:51:17.346683354,negative
REV-000179,DTC,哺乳内衣,3,用户评价内容,2026-01-20 22:31:41.376720901,neutral
REV-000180,Amazon,奶瓶套装,2,用户评价内容,2026-01-21 01:12:05.406758448,neutral
REV-000181,DTC,储奶袋100只,2,用户评价内容,2026-01-21 03:52:29.436795995,positive
REV-000182,TikTok,吸奶器Pro,2,用户评价内容,2026-01-21 06:32:53.466833542,neutral
REV-000183,Amazon,奶瓶套装,3,用户评价内容,2026-01-21 09:13:17.496871088,positive
REV-000184,TikTok,储奶袋100只,3,用户评价内容,2026-01-21 11:53:41.526908635,positive
REV-000185,DTC,奶瓶套装,4,用户评价内容,2026-01-21 14:34:05.556946182,positive
REV-000186,TikTok,哺乳内衣,1,用户评价内容,2026-01-21 17:14:29.586983729,neutral
REV-000187,Amazon,奶瓶套装,2,用户评价内容,2026-01-21 19:54:53.617021276,neutral
REV-000188,TikTok,奶瓶套装,5,用户评价内容,2026-01-21 22:35:17.647058823,negative
REV-000189,DTC,吸奶器Pro,5,用户评价内容,2026-01-22 01:15:41.677096370,negative
REV-000190,TikTok,哺乳内衣,5,用户评价内容,2026-01-22 03:56:05.707133917,negative
REV-000191,TikTok,奶瓶套装,2,用户评价内容,2026-01-22 06:36:29.737171464,positive
REV-000192,Amazon,吸奶器Pro,1,用户评价内容,2026-01-22 09:16:53.767209011,negative
REV-000193,Amazon,储奶袋100只,1,用户评价内容,2026-01-22 11:57:17.797246558,neutral
REV-000194,Amazon,哺乳内衣,1,用户评价内容,2026-01-22 14:37:41.827284105,negative
REV-000195,DTC,温奶器,5,用户评价内容,2026-01-22 17:18:05.857321652,positive
REV-000196,TikTok,奶瓶套装,5,用户评价内容,2026-01-22 19:58:29.887359199,positive
REV-000197,DTC,温奶器,5,用户评价内容,2026-01-22 22:38:53.917396746,negative
REV-000198,Amazon,吸奶器Pro,4,用户评价内容,2026-01-23 01:19:17.947434292,positive
REV-000199,Amazon,储奶袋100只,2,用户评价内容,2026-01-23 03:59:41.977471839,positive
REV-000200,DTC,温奶器,3,用户评价内容,2026-01-23 06:40:06.007509386,positive
REV-000201,TikTok,吸奶器Pro,5,用户评价内容,2026-01-23 09:20:30.037546933,positive
REV-000202,Amazon,哺乳内衣,5,用户评价内容,2026-01-23 12:00:54.067584480,positive
REV-000203,DTC,储奶袋100只,3,用户评价内容,2026-01-23 14:41:18.097622027,negative
REV-000204,DTC,储奶袋100只,5,用户评价内容,2026-01-23 17:21:42.127659574,negative
REV-000205,Amazon,奶瓶套装,2,用户评价内容,2026-01-23 20:02:06.157697121,negative
REV-000206,TikTok,储奶袋100只,3,用户评价内容,2026-01-23 22:42:30.187734668,positive
REV-000207,TikTok,温奶器,5,用户评价内容,2026-01-24 01:22:54.217772215,positive
REV-000208,DTC,温奶器,2,用户评价内容,2026-01-24 04:03:18.247809762,positive
REV-000209,TikTok,奶瓶套装,4,用户评价内容,2026-01-24 06:43:42.277847309,positive
REV-000210,TikTok,奶瓶套装,3,用户评价内容,2026-01-24 09:24:06.307884856,positive
REV-000211,TikTok,吸奶器Pro,2,用户评价内容,2026-01-24 12:04:30.337922403,neutral
REV-000212,Amazon,储奶袋100只,2,用户评价内容,2026-01-24 14:44:54.367959950,negative
REV-000213,Amazon,吸奶器Pro,4,用户评价内容,2026-01-24 17:25:18.397997496,positive
REV-000214,DTC,温奶器,3,用户评价内容,2026-01-24 20:05:42.428035043,positive
REV-000215,Amazon,储奶袋100只,2,用户评价内容,2026-01-24 22:46:06.458072590,positive
REV-000216,Amazon,储奶袋100只,4,用户评价内容,2026-01-25 01:26:30.488110137,positive
REV-000217,DTC,温奶器,1,用户评价内容,2026-01-25 04:06:54.518147684,positive
REV-000218,DTC,哺乳内衣,1,用户评价内容,2026-01-25 06:47:18.548185231,positive
REV-000219,Amazon,哺乳内衣,5,用户评价内容,2026-01-25 09:27:42.578222778,positive
REV-000220,Amazon,吸奶器Pro,4,用户评价内容,2026-01-25 12:08:06.608260325,positive
REV-000221,Amazon,奶瓶套装,3,用户评价内容,2026-01-25 14:48:30.638297872,neutral
REV-000222,DTC,奶瓶套装,1,用户评价内容,2026-01-25 17:28:54.668335419,positive
REV-000223,TikTok,储奶袋100只,3,用户评价内容,2026-01-25 20:09:18.698372966,positive
REV-000224,DTC,哺乳内衣,3,用户评价内容,2026-01-25 22:49:42.728410513,positive
REV-000225,Amazon,温奶器,3,用户评价内容,2026-01-26 01:30:06.758448060,positive
REV-000226,DTC,储奶袋100只,1,用户评价内容,2026-01-26 04:10:30.788485607,positive
REV-000227,Amazon,储奶袋100只,3,用户评价内容,2026-01-26 06:50:54.818523154,neutral
REV-000228,Amazon,储奶袋100只,3,用户评价内容,2026-01-26 09:31:18.848560700,negative
REV-000229,Amazon,温奶器,2,用户评价内容,2026-01-26 12:11:42.878598247,neutral
REV-000230,DTC,吸奶器Pro,1,用户评价内容,2026-01-26 14:52:06.908635794,positive
REV-000231,DTC,温奶器,5,用户评价内容,2026-01-26 17:32:30.938673341,positive
REV-000232,DTC,哺乳内衣,4,用户评价内容,2026-01-26 20:12:54.968710888,positive
REV-000233,DTC,奶瓶套装,4,用户评价内容,2026-01-26 22:53:18.998748435,positive
REV-000234,DTC,奶瓶套装,4,用户评价内容,2026-01-27 01:33:43.028785982,negative
REV-000235,TikTok,温奶器,4,用户评价内容,2026-01-27 04:14:07.058823529,positive
REV-000236,TikTok,哺乳内衣,1,用户评价内容,2026-01-27 06:54:31.088861076,positive
REV-000237,Amazon,储奶袋100只,3,用户评价内容,2026-01-27 09:34:55.118898623,positive
REV-000238,TikTok,吸奶器Pro,5,用户评价内容,2026-01-27 12:15:19.148936170,positive
REV-000239,Amazon,哺乳内衣,2,用户评价内容,2026-01-27 14:55:43.178973717,negative
REV-000240,Amazon,吸奶器Pro,5,用户评价内容,2026-01-27 17:36:07.209011264,positive
REV-000241,DTC,吸奶器Pro,1,用户评价内容,2026-01-27 20:16:31.239048811,positive
REV-000242,Amazon,温奶器,2,用户评价内容,2026-01-27 22:56:55.269086358,positive
REV-000243,DTC,奶瓶套装,2,用户评价内容,2026-01-28 01:37:19.299123905,neutral
REV-000244,Amazon,哺乳内衣,4,用户评价内容,2026-01-28 04:17:43.329161452,positive
REV-000245,DTC,储奶袋100只,1,用户评价内容,2026-01-28 06:58:07.359198998,neutral
REV-000246,TikTok,吸奶器Pro,2,用户评价内容,2026-01-28 09:38:31.389236545,positive
REV-000247,TikTok,吸奶器Pro,4,用户评价内容,2026-01-28 12:18:55.419274092,positive
REV-000248,Amazon,储奶袋100只,2,用户评价内容,2026-01-28 14:59:19.449311639,negative
REV-000249,DTC,吸奶器Pro,5,用户评价内容,2026-01-28 17:39:43.479349186,positive
REV-000250,DTC,奶瓶套装,5,用户评价内容,2026-01-28 20:20:07.509386733,positive
REV-000251,DTC,储奶袋100只,2,用户评价内容,2026-01-28 23:00:31.539424280,positive
REV-000252,DTC,奶瓶套装,3,用户评价内容,2026-01-29 01:40:55.569461827,positive
REV-000253,TikTok,奶瓶套装,2,用户评价内容,2026-01-29 04:21:19.599499374,positive
REV-000254,DTC,储奶袋100只,2,用户评价内容,2026-01-29 07:01:43.629536921,neutral
REV-000255,Amazon,奶瓶套装,4,用户评价内容,2026-01-29 09:42:07.659574468,positive
REV-000256,TikTok,吸奶器Pro,2,用户评价内容,2026-01-29 12:22:31.689612015,positive
REV-000257,TikTok,储奶袋100只,1,用户评价内容,2026-01-29 15:02:55.719649562,positive
REV-000258,Amazon,温奶器,2,用户评价内容,2026-01-29 17:43:19.749687109,neutral
REV-000259,DTC,温奶器,5,用户评价内容,2026-01-29 20:23:43.779724656,positive
REV-000260,TikTok,奶瓶套装,2,用户评价内容,2026-01-29 23:04:07.809762202,positive
REV-000261,DTC,温奶器,2,用户评价内容,2026-01-30 01:44:31.839799749,neutral
REV-000262,DTC,奶瓶套装,4,用户评价内容,2026-01-30 04:24:55.869837296,neutral
REV-000263,TikTok,吸奶器Pro,1,用户评价内容,2026-01-30 07:05:19.899874843,negative
REV-000264,TikTok,温奶器,2,用户评价内容,2026-01-30 09:45:43.929912390,positive
REV-000265,DTC,奶瓶套装,1,用户评价内容,2026-01-30 12:26:07.959949937,positive
REV-000266,Amazon,哺乳内衣,5,用户评价内容,2026-01-30 15:06:31.989987484,positive
REV-000267,DTC,哺乳内衣,5,用户评价内容,2026-01-30 17:46:56.020025031,neutral
REV-000268,TikTok,储奶袋100只,4,用户评价内容,2026-01-30 20:27:20.050062578,positive
REV-000269,Amazon,哺乳内衣,2,用户评价内容,2026-01-30 23:07:44.080100125,positive
REV-000270,DTC,奶瓶套装,4,用户评价内容,2026-01-31 01:48:08.110137672,positive
REV-000271,DTC,储奶袋100只,4,用户评价内容,2026-01-31 04:28:32.140175219,neutral
REV-000272,Amazon,储奶袋100只,5,用户评价内容,2026-01-31 07:08:56.170212766,neutral
REV-000273,DTC,哺乳内衣,1,用户评价内容,2026-01-31 09:49:20.200250313,positive
REV-000274,TikTok,储奶袋100只,4,用户评价内容,2026-01-31 12:29:44.230287860,negative
REV-000275,Amazon,吸奶器Pro,1,用户评价内容,2026-01-31 15:10:08.260325406,negative
REV-000276,DTC,温奶器,3,用户评价内容,2026-01-31 17:50:32.290362953,positive
REV-000277,TikTok,储奶袋100只,5,用户评价内容,2026-01-31 20:30:56.320400500,positive
REV-000278,Amazon,哺乳内衣,1,用户评价内容,2026-01-31 23:11:20.350438047,neutral
REV-000279,DTC,哺乳内衣,1,用户评价内容,2026-02-01 01:51:44.380475594,positive
REV-000280,Amazon,温奶器,5,用户评价内容,2026-02-01 04:32:08.410513141,positive
REV-000281,DTC,哺乳内衣,1,用户评价内容,2026-02-01 07:12:32.440550688,positive
REV-000282,DTC,哺乳内衣,4,用户评价内容,2026-02-01 09:52:56.470588235,negative
REV-000283,Amazon,温奶器,3,用户评价内容,2026-02-01 12:33:20.500625782,positive
REV-000284,Amazon,温奶器,2,用户评价内容,2026-02-01 15:13:44.530663329,neutral
REV-000285,DTC,吸奶器Pro,5,用户评价内容,2026-02-01 17:54:08.560700876,positive
REV-000286,TikTok,哺乳内衣,5,用户评价内容,2026-02-01 20:34:32.590738423,positive
REV-000287,Amazon,吸奶器Pro,2,用户评价内容,2026-02-01 23:14:56.620775970,negative
REV-000288,TikTok,温奶器,1,用户评价内容,2026-02-02 01:55:20.650813517,positive
REV-000289,Amazon,吸奶器Pro,1,用户评价内容,2026-02-02 04:35:44.680851064,positive
REV-000290,DTC,储奶袋100只,1,用户评价内容,2026-02-02 07:16:08.710888610,positive
REV-000291,DTC,吸奶器Pro,5,用户评价内容,2026-02-02 09:56:32.740926157,neutral
REV-000292,DTC,哺乳内衣,3,用户评价内容,2026-02-02 12:36:56.770963704,positive
REV-000293,Amazon,吸奶器Pro,4,用户评价内容,2026-02-02 15:17:20.801001251,positive
REV-000294,TikTok,吸奶器Pro,2,用户评价内容,2026-02-02 17:57:44.831038798,positive
REV-000295,Amazon,奶瓶套装,5,用户评价内容,2026-02-02 20:38:08.861076345,positive
REV-000296,TikTok,温奶器,4,用户评价内容,2026-02-02 23:18:32.891113892,positive
REV-000297,DTC,奶瓶套装,4,用户评价内容,2026-02-03 01:58:56.921151439,positive
REV-000298,DTC,奶瓶套装,3,用户评价内容,2026-02-03 04:39:20.951188986,positive
REV-000299,Amazon,哺乳内衣,4,用户评价内容,2026-02-03 07:19:44.981226533,positive
REV-000300,DTC,奶瓶套装,3,用户评价内容,2026-02-03 10:00:09.011264080,neutral
REV-000301,TikTok,储奶袋100只,2,用户评价内容,2026-02-03 12:40:33.041301627,neutral
REV-000302,TikTok,奶瓶套装,3,用户评价内容,2026-02-03 15:20:57.071339174,positive
REV-000303,TikTok,吸奶器Pro,2,用户评价内容,2026-02-03 18:01:21.101376721,positive
REV-000304,Amazon,储奶袋100只,5,用户评价内容,2026-02-03 20:41:45.131414268,positive
REV-000305,DTC,哺乳内衣,4,用户评价内容,2026-02-03 23:22:09.161451814,negative
REV-000306,DTC,储奶袋100只,4,用户评价内容,2026-02-04 02:02:33.191489361,positive
REV-000307,TikTok,吸奶器Pro,4,用户评价内容,2026-02-04 04:42:57.221526908,positive
REV-000308,TikTok,吸奶器Pro,3,用户评价内容,2026-02-04 07:23:21.251564455,positive
REV-000309,TikTok,温奶器,5,用户评价内容,2026-02-04 10:03:45.281602002,positive
REV-000310,Amazon,储奶袋100只,2,用户评价内容,2026-02-04 12:44:09.311639549,positive
REV-000311,Amazon,吸奶器Pro,3,用户评价内容,2026-02-04 15:24:33.341677096,positive
REV-000312,TikTok,哺乳内衣,1,用户评价内容,2026-02-04 18:04:57.371714643,neutral
REV-000313,TikTok,奶瓶套装,2,用户评价内容,2026-02-04 20:45:21.401752190,neutral
REV-000314,DTC,奶瓶套装,3,用户评价内容,2026-02-04 23:25:45.431789737,neutral
REV-000315,Amazon,温奶器,3,用户评价内容,2026-02-05 02:06:09.461827284,neutral
REV-000316,Amazon,储奶袋100只,5,用户评价内容,2026-02-05 04:46:33.491864831,positive
REV-000317,TikTok,奶瓶套装,4,用户评价内容,2026-02-05 07:26:57.521902378,negative
REV-000318,DTC,哺乳内衣,3,用户评价内容,2026-02-05 10:07:21.551939925,neutral
REV-000319,DTC,哺乳内衣,3,用户评价内容,2026-02-05 12:47:45.581977472,neutral
REV-000320,TikTok,储奶袋100只,4,用户评价内容,2026-02-05 15:28:09.612015019,neutral
REV-000321,Amazon,哺乳内衣,4,用户评价内容,2026-02-05 18:08:33.642052565,positive
REV-000322,TikTok,哺乳内衣,2,用户评价内容,2026-02-05 20:48:57.672090112,positive
REV-000323,Amazon,吸奶器Pro,3,用户评价内容,2026-02-05 23:29:21.702127659,positive
REV-000324,TikTok,吸奶器Pro,3,用户评价内容,2026-02-06 02:09:45.732165206,positive
REV-000325,TikTok,哺乳内衣,1,用户评价内容,2026-02-06 04:50:09.762202753,positive
REV-000326,DTC,吸奶器Pro,5,用户评价内容,2026-02-06 07:30:33.792240300,positive
REV-000327,Amazon,温奶器,3,用户评价内容,2026-02-06 10:10:57.822277847,positive
REV-000328,Amazon,吸奶器Pro,2,用户评价内容,2026-02-06 12:51:21.852315394,negative
REV-000329,Amazon,温奶器,4,用户评价内容,2026-02-06 15:31:45.882352941,neutral
REV-000330,TikTok,哺乳内衣,4,用户评价内容,2026-02-06 18:12:09.912390488,positive
REV-000331,Amazon,奶瓶套装,5,用户评价内容,2026-02-06 20:52:33.942428035,positive
REV-000332,DTC,储奶袋100只,1,用户评价内容,2026-02-06 23:32:57.972465582,positive
REV-000333,DTC,储奶袋100只,3,用户评价内容,2026-02-07 02:13:22.002503129,negative
REV-000334,TikTok,哺乳内衣,1,用户评价内容,2026-02-07 04:53:46.032540676,neutral
REV-000335,TikTok,哺乳内衣,3,用户评价内容,2026-02-07 07:34:10.062578223,neutral
REV-000336,DTC,储奶袋100只,3,用户评价内容,2026-02-07 10:14:34.092615769,positive
REV-000337,TikTok,奶瓶套装,3,用户评价内容,2026-02-07 12:54:58.122653316,positive
REV-000338,DTC,温奶器,5,用户评价内容,2026-02-07 15:35:22.152690863,neutral
REV-000339,DTC,储奶袋100只,3,用户评价内容,2026-02-07 18:15:46.182728410,negative
REV-000340,Amazon,哺乳内衣,3,用户评价内容,2026-02-07 20:56:10.212765957,positive
REV-000341,Amazon,吸奶器Pro,1,用户评价内容,2026-02-07 23:36:34.242803504,positive
REV-000342,DTC,温奶器,2,用户评价内容,2026-02-08 02:16:58.272841051,positive
REV-000343,Amazon,吸奶器Pro,5,用户评价内容,2026-02-08 04:57:22.302878598,positive
REV-000344,Amazon,储奶袋100只,3,用户评价内容,2026-02-08 07:37:46.332916145,negative
REV-000345,DTC,奶瓶套装,5,用户评价内容,2026-02-08 10:18:10.362953692,neutral
REV-000346,DTC,储奶袋100只,3,用户评价内容,2026-02-08 12:58:34.392991239,positive
REV-000347,TikTok,吸奶器Pro,3,用户评价内容,2026-02-08 15:38:58.423028786,positive
REV-000348,TikTok,哺乳内衣,3,用户评价内容,2026-02-08 18:19:22.453066333,positive
REV-000349,TikTok,吸奶器Pro,3,用户评价内容,2026-02-08 20:59:46.483103880,positive
REV-000350,Amazon,温奶器,1,用户评价内容,2026-02-08 23:40:10.513141427,positive
REV-000351,DTC,吸奶器Pro,1,用户评价内容,2026-02-09 02:20:34.543178973,neutral
REV-000352,TikTok,储奶袋100只,3,用户评价内容,2026-02-09 05:00:58.573216520,neutral
REV-000353,DTC,温奶器,3,用户评价内容,2026-02-09 07:41:22.603254067,positive
REV-000354,DTC,吸奶器Pro,3,用户评价内容,2026-02-09 10:21:46.633291614,neutral
REV-000355,DTC,吸奶器Pro,3,用户评价内容,2026-02-09 13:02:10.663329161,neutral
REV-000356,DTC,哺乳内衣,2,用户评价内容,2026-02-09 15:42:34.693366708,positive
REV-000357,DTC,吸奶器Pro,4,用户评价内容,2026-02-09 18:22:58.723404255,neutral
REV-000358,Amazon,温奶器,4,用户评价内容,2026-02-09 21:03:22.753441802,neutral
REV-000359,DTC,奶瓶套装,1,用户评价内容,2026-02-09 23:43:46.783479349,neutral
REV-000360,Amazon,温奶器,3,用户评价内容,2026-02-10 02:24:10.813516896,positive
REV-000361,TikTok,储奶袋100只,4,用户评价内容,2026-02-10 05:04:34.843554443,positive
REV-000362,TikTok,吸奶器Pro,4,用户评价内容,2026-02-10 07:44:58.873591990,positive
REV-000363,DTC,温奶器,2,用户评价内容,2026-02-10 10:25:22.903629537,positive
REV-000364,DTC,哺乳内衣,5,用户评价内容,2026-02-10 13:05:46.933667084,positive
REV-000365,TikTok,温奶器,4,用户评价内容,2026-02-10 15:46:10.963704631,neutral
REV-000366,DTC,储奶袋100只,3,用户评价内容,2026-02-10 18:26:34.993742177,positive
REV-000367,DTC,奶瓶套装,4,用户评价内容,2026-02-10 21:06:59.023779724,positive
REV-000368,Amazon,奶瓶套装,5,用户评价内容,2026-02-10 23:47:23.053817271,negative
REV-000369,Amazon,奶瓶套装,2,用户评价内容,2026-02-11 02:27:47.083854818,positive
REV-000370,Amazon,储奶袋100只,1,用户评价内容,2026-02-11 05:08:11.113892365,positive
REV-000371,Amazon,储奶袋100只,3,用户评价内容,2026-02-11 07:48:35.143929912,positive
REV-000372,TikTok,哺乳内衣,1,用户评价内容,2026-02-11 10:28:59.173967459,positive
REV-000373,DTC,吸奶器Pro,5,用户评价内容,2026-02-11 13:09:23.204005006,positive
REV-000374,TikTok,储奶袋100只,5,用户评价内容,2026-02-11 15:49:47.234042553,neutral
REV-000375,DTC,储奶袋100只,4,用户评价内容,2026-02-11 18:30:11.264080100,positive
REV-000376,TikTok,吸奶器Pro,5,用户评价内容,2026-02-11 21:10:35.294117647,positive
REV-000377,DTC,吸奶器Pro,1,用户评价内容,2026-02-11 23:50:59.324155194,positive
REV-000378,DTC,奶瓶套装,4,用户评价内容,2026-02-12 02:31:23.354192741,neutral
REV-000379,TikTok,吸奶器Pro,3,用户评价内容,2026-02-12 05:11:47.384230288,positive
REV-000380,DTC,储奶袋100只,2,用户评价内容,2026-02-12 07:52:11.414267835,neutral
REV-000381,Amazon,奶瓶套装,2,用户评价内容,2026-02-12 10:32:35.444305381,positive
REV-000382,DTC,温奶器,3,用户评价内容,2026-02-12 13:12:59.474342928,positive
REV-000383,DTC,吸奶器Pro,4,用户评价内容,2026-02-12 15:53:23.504380475,positive
REV-000384,DTC,奶瓶套装,1,用户评价内容,2026-02-12 18:33:47.534418022,positive
REV-000385,TikTok,吸奶器Pro,4,用户评价内容,2026-02-12 21:14:11.564455569,positive
REV-000386,TikTok,奶瓶套装,5,用户评价内容,2026-02-12 23:54:35.594493116,neutral
REV-000387,DTC,奶瓶套装,1,用户评价内容,2026-02-13 02:34:59.624530663,positive
REV-000388,Amazon,哺乳内衣,5,用户评价内容,2026-02-13 05:15:23.654568210,positive
REV-000389,DTC,奶瓶套装,4,用户评价内容,2026-02-13 07:55:47.684605757,positive
REV-000390,TikTok,温奶器,2,用户评价内容,2026-02-13 10:36:11.714643304,positive
REV-000391,Amazon,吸奶器Pro,4,用户评价内容,2026-02-13 13:16:35.744680851,positive
REV-000392,TikTok,吸奶器Pro,4,用户评价内容,2026-02-13 15:56:59.774718398,positive
REV-000393,DTC,吸奶器Pro,4,用户评价内容,2026-02-13 18:37:23.804755945,positive
REV-000394,TikTok,储奶袋100只,1,用户评价内容,2026-02-13 21:17:47.834793492,positive
REV-000395,TikTok,吸奶器Pro,1,用户评价内容,2026-02-13 23:58:11.864831039,positive
REV-000396,TikTok,吸奶器Pro,4,用户评价内容,2026-02-14 02:38:35.894868585,positive
REV-000397,TikTok,储奶袋100只,2,用户评价内容,2026-02-14 05:18:59.924906132,positive
REV-000398,Amazon,温奶器,2,用户评价内容,2026-02-14 07:59:23.954943679,positive
REV-000399,DTC,温奶器,3,用户评价内容,2026-02-14 10:39:47.984981226,negative
REV-000400,Amazon,吸奶器Pro,4,用户评价内容,2026-02-14 13:20:12.015018773,positive
REV-000401,Amazon,温奶器,1,用户评价内容,2026-02-14 16:00:36.045056320,neutral
REV-000402,Amazon,储奶袋100只,5,用户评价内容,2026-02-14 18:41:00.075093867,positive
REV-000403,TikTok,奶瓶套装,3,用户评价内容,2026-02-14 21:21:24.105131414,positive
REV-000404,DTC,储奶袋100只,1,用户评价内容,2026-02-15 00:01:48.135168961,positive
REV-000405,TikTok,奶瓶套装,1,用户评价内容,2026-02-15 02:42:12.165206508,positive
REV-000406,Amazon,哺乳内衣,5,用户评价内容,2026-02-15 05:22:36.195244055,neutral
REV-000407,Amazon,哺乳内衣,1,用户评价内容,2026-02-15 08:03:00.225281602,neutral
REV-000408,TikTok,奶瓶套装,3,用户评价内容,2026-02-15 10:43:24.255319149,positive
REV-000409,TikTok,哺乳内衣,4,用户评价内容,2026-02-15 13:23:48.285356696,neutral
REV-000410,TikTok,哺乳内衣,3,用户评价内容,2026-02-15 16:04:12.315394243,positive
REV-000411,Amazon,吸奶器Pro,2,用户评价内容,2026-02-15 18:44:36.345431789,positive
REV-000412,DTC,储奶袋100只,1,用户评价内容,2026-02-15 21:25:00.375469336,neutral
REV-000413,Amazon,吸奶器Pro,4,用户评价内容,2026-02-16 00:05:24.405506883,positive
REV-000414,TikTok,哺乳内衣,3,用户评价内容,2026-02-16 02:45:48.435544430,positive
REV-000415,Amazon,奶瓶套装,1,用户评价内容,2026-02-16 05:26:12.465581977,negative
REV-000416,TikTok,哺乳内衣,1,用户评价内容,2026-02-16 08:06:36.495619524,negative
REV-000417,Amazon,奶瓶套装,3,用户评价内容,2026-02-16 10:47:00.525657071,neutral
REV-000418,Amazon,储奶袋100只,1,用户评价内容,2026-02-16 13:27:24.555694618,positive
REV-000419,TikTok,吸奶器Pro,2,用户评价内容,2026-02-16 16:07:48.585732165,neutral
REV-000420,DTC,温奶器,1,用户评价内容,2026-02-16 18:48:12.615769712,positive
REV-000421,DTC,储奶袋100只,4,用户评价内容,2026-02-16 21:28:36.645807259,positive
REV-000422,DTC,吸奶器Pro,4,用户评价内容,2026-02-17 00:09:00.675844806,positive
REV-000423,Amazon,储奶袋100只,4,用户评价内容,2026-02-17 02:49:24.705882353,negative
REV-000424,TikTok,温奶器,1,用户评价内容,2026-02-17 05:29:48.735919900,negative
REV-000425,DTC,储奶袋100只,2,用户评价内容,2026-02-17 08:10:12.765957447,neutral
REV-000426,Amazon,温奶器,2,用户评价内容,2026-02-17 10:50:36.795994993,positive
REV-000427,DTC,奶瓶套装,4,用户评价内容,2026-02-17 13:31:00.826032540,positive
REV-000428,Amazon,温奶器,5,用户评价内容,2026-02-17 16:11:24.856070087,positive
REV-000429,Amazon,哺乳内衣,2,用户评价内容,2026-02-17 18:51:48.886107634,negative
REV-000430,DTC,吸奶器Pro,4,用户评价内容,2026-02-17 21:32:12.916145181,positive
REV-000431,Amazon,奶瓶套装,3,用户评价内容,2026-02-18 00:12:36.946182728,positive
REV-000432,Amazon,奶瓶套装,5,用户评价内容,2026-02-18 02:53:00.976220275,neutral
REV-000433,DTC,储奶袋100只,1,用户评价内容,2026-02-18 05:33:25.006257822,positive
REV-000434,DTC,奶瓶套装,5,用户评价内容,2026-02-18 08:13:49.036295369,neutral
REV-000435,Amazon,吸奶器Pro,3,用户评价内容,2026-02-18 10:54:13.066332916,positive
REV-000436,TikTok,哺乳内衣,2,用户评价内容,2026-02-18 13:34:37.096370463,neutral
REV-000437,TikTok,温奶器,1,用户评价内容,2026-02-18 16:15:01.126408010,positive
REV-000438,Amazon,吸奶器Pro,5,用户评价内容,2026-02-18 18:55:25.156445557,positive
REV-000439,Amazon,奶瓶套装,5,用户评价内容,2026-02-18 21:35:49.186483104,positive
REV-000440,DTC,哺乳内衣,1,用户评价内容,2026-02-19 00:16:13.216520651,positive
REV-000441,TikTok,吸奶器Pro,3,用户评价内容,2026-02-19 02:56:37.246558197,positive
REV-000442,Amazon,储奶袋100只,4,用户评价内容,2026-02-19 05:37:01.276595744,positive
REV-000443,TikTok,储奶袋100只,3,用户评价内容,2026-02-19 08:17:25.306633291,positive
REV-000444,Amazon,吸奶器Pro,1,用户评价内容,2026-02-19 10:57:49.336670838,neutral
REV-000445,Amazon,温奶器,2,用户评价内容,2026-02-19 13:38:13.366708385,positive
REV-000446,TikTok,奶瓶套装,2,用户评价内容,2026-02-19 16:18:37.396745932,neutral
REV-000447,Amazon,哺乳内衣,2,用户评价内容,2026-02-19 18:59:01.426783479,neutral
REV-000448,Amazon,奶瓶套装,5,用户评价内容,2026-02-19 21:39:25.456821026,positive
REV-000449,TikTok,温奶器,2,用户评价内容,2026-02-20 00:19:49.486858573,neutral
REV-000450,DTC,温奶器,4,用户评价内容,2026-02-20 03:00:13.516896120,positive
REV-000451,DTC,哺乳内衣,5,用户评价内容,2026-02-20 05:40:37.546933667,positive
REV-000452,TikTok,储奶袋100只,4,用户评价内容,2026-02-20 08:21:01.576971214,positive
REV-000453,DTC,奶瓶套装,4,用户评价内容,2026-02-20 11:01:25.607008761,neutral
REV-000454,DTC,温奶器,1,用户评价内容,2026-02-20 13:41:49.637046308,positive
REV-000455,Amazon,奶瓶套装,1,用户评价内容,2026-02-20 16:22:13.667083855,positive
REV-000456,DTC,奶瓶套装,4,用户评价内容,2026-02-20 19:02:37.697121401,negative
REV-000457,Amazon,吸奶器Pro,4,用户评价内容,2026-02-20 21:43:01.727158948,positive
REV-000458,TikTok,温奶器,4,用户评价内容,2026-02-21 00:23:25.757196495,negative
REV-000459,DTC,哺乳内衣,3,用户评价内容,2026-02-21 03:03:49.787234042,neutral
REV-000460,Amazon,储奶袋100只,3,用户评价内容,2026-02-21 05:44:13.817271589,negative
REV-000461,TikTok,奶瓶套装,1,用户评价内容,2026-02-21 08:24:37.847309136,negative
REV-000462,Amazon,奶瓶套装,2,用户评价内容,2026-02-21 11:05:01.877346683,negative
REV-000463,Amazon,吸奶器Pro,3,用户评价内容,2026-02-21 13:45:25.907384230,positive
REV-000464,TikTok,温奶器,1,用户评价内容,2026-02-21 16:25:49.937421777,neutral
REV-000465,TikTok,温奶器,1,用户评价内容,2026-02-21 19:06:13.967459324,neutral
REV-000466,TikTok,温奶器,1,用户评价内容,2026-02-21 21:46:37.997496871,neutral
REV-000467,DTC,储奶袋100只,2,用户评价内容,2026-02-22 00:27:02.027534418,positive
REV-000468,TikTok,储奶袋100只,5,用户评价内容,2026-02-22 03:07:26.057571965,negative
REV-000469,Amazon,吸奶器Pro,4,用户评价内容,2026-02-22 05:47:50.087609512,positive
REV-000470,DTC,哺乳内衣,5,用户评价内容,2026-02-22 08:28:14.117647059,positive
REV-000471,Amazon,储奶袋100只,2,用户评价内容,2026-02-22 11:08:38.147684606,positive
REV-000472,DTC,温奶器,3,用户评价内容,2026-02-22 13:49:02.177722153,positive
REV-000473,Amazon,温奶器,5,用户评价内容,2026-02-22 16:29:26.207759700,neutral
REV-000474,Amazon,吸奶器Pro,2,用户评价内容,2026-02-22 19:09:50.237797247,positive
REV-000475,DTC,温奶器,4,用户评价内容,2026-02-22 21:50:14.267834793,neutral
REV-000476,TikTok,吸奶器Pro,4,用户评价内容,2026-02-23 00:30:38.297872340,neutral
REV-000477,DTC,奶瓶套装,5,用户评价内容,2026-02-23 03:11:02.327909887,positive
REV-000478,DTC,奶瓶套装,5,用户评价内容,2026-02-23 05:51:26.357947434,neutral
REV-000479,DTC,温奶器,4,用户评价内容,2026-02-23 08:31:50.387984981,positive
REV-000480,DTC,哺乳内衣,3,用户评价内容,2026-02-23 11:12:14.418022528,neutral
REV-000481,Amazon,温奶器,5,用户评价内容,2026-02-23 13:52:38.448060075,negative
REV-000482,DTC,奶瓶套装,4,用户评价内容,2026-02-23 16:33:02.478097622,positive
REV-000483,TikTok,温奶器,2,用户评价内容,2026-02-23 19:13:26.508135169,neutral
REV-000484,Amazon,温奶器,4,用户评价内容,2026-02-23 21:53:50.538172716,positive
REV-000485,DTC,温奶器,3,用户评价内容,2026-02-24 00:34:14.568210263,positive
REV-000486,TikTok,奶瓶套装,2,用户评价内容,2026-02-24 03:14:38.598247810,neutral
REV-000487,DTC,储奶袋100只,3,用户评价内容,2026-02-24 05:55:02.628285357,positive
REV-000488,Amazon,温奶器,4,用户评价内容,2026-02-24 08:35:26.658322904,neutral
REV-000489,DTC,哺乳内衣,5,用户评价内容,2026-02-24 11:15:50.688360451,positive
REV-000490,TikTok,温奶器,3,用户评价内容,2026-02-24 13:56:14.718397997,positive
REV-000491,Amazon,奶瓶套装,1,用户评价内容,2026-02-24 16:36:38.748435544,negative
REV-000492,DTC,温奶器,5,用户评价内容,2026-02-24 19:17:02.778473091,positive
REV-000493,TikTok,哺乳内衣,3,用户评价内容,2026-02-24 21:57:26.808510638,positive
REV-000494,Amazon,哺乳内衣,2,用户评价内容,2026-02-25 00:37:50.838548185,positive
REV-000495,DTC,吸奶器Pro,4,用户评价内容,2026-02-25 03:18:14.868585732,neutral
REV-000496,TikTok,奶瓶套装,2,用户评价内容,2026-02-25 05:58:38.898623279,positive
REV-000497,DTC,哺乳内衣,2,用户评价内容,2026-02-25 08:39:02.928660826,positive
REV-000498,DTC,哺乳内衣,5,用户评价内容,2026-02-25 11:19:26.958698373,positive
REV-000499,Amazon,温奶器,5,用户评价内容,2026-02-25 13:59:50.988735920,positive
REV-000500,TikTok,储奶袋100只,3,用户评价内容,2026-02-25 16:40:15.018773467,negative
REV-000501,DTC,储奶袋100只,2,用户评价内容,2026-02-25 19:20:39.048811014,positive
REV-000502,TikTok,温奶器,5,用户评价内容,2026-02-25 22:01:03.078848561,positive
REV-000503,DTC,温奶器,1,用户评价内容,2026-02-26 00:41:27.108886108,neutral
REV-000504,DTC,吸奶器Pro,4,用户评价内容,2026-02-26 03:21:51.138923655,positive
REV-000505,DTC,储奶袋100只,3,用户评价内容,2026-02-26 06:02:15.168961201,positive
REV-000506,TikTok,温奶器,5,用户评价内容,2026-02-26 08:42:39.198998748,positive
REV-000507,TikTok,吸奶器Pro,3,用户评价内容,2026-02-26 11:23:03.229036295,positive
REV-000508,Amazon,哺乳内衣,5,用户评价内容,2026-02-26 14:03:27.259073842,neutral
REV-000509,TikTok,吸奶器Pro,1,用户评价内容,2026-02-26 16:43:51.289111389,negative
REV-000510,TikTok,吸奶器Pro,4,用户评价内容,2026-02-26 19:24:15.319148936,negative
REV-000511,Amazon,哺乳内衣,1,用户评价内容,2026-02-26 22:04:39.349186483,negative
REV-000512,Amazon,哺乳内衣,4,用户评价内容,2026-02-27 00:45:03.379224030,positive
REV-000513,TikTok,奶瓶套装,1,用户评价内容,2026-02-27 03:25:27.409261577,positive
REV-000514,TikTok,温奶器,5,用户评价内容,2026-02-27 06:05:51.439299124,neutral
REV-000515,DTC,储奶袋100只,4,用户评价内容,2026-02-27 08:46:15.469336671,negative
REV-000516,DTC,奶瓶套装,1,用户评价内容,2026-02-27 11:26:39.499374218,neutral
REV-000517,TikTok,哺乳内衣,5,用户评价内容,2026-02-27 14:07:03.529411765,positive
REV-000518,Amazon,哺乳内衣,2,用户评价内容,2026-02-27 16:47:27.559449312,neutral
REV-000519,Amazon,储奶袋100只,3,用户评价内容,2026-02-27 19:27:51.589486859,neutral
REV-000520,TikTok,哺乳内衣,1,用户评价内容,2026-02-27 22:08:15.619524405,negative
REV-000521,Amazon,奶瓶套装,1,用户评价内容,2026-02-28 00:48:39.649561952,neutral
REV-000522,DTC,奶瓶套装,2,用户评价内容,2026-02-28 03:29:03.679599499,positive
REV-000523,DTC,温奶器,3,用户评价内容,2026-02-28 06:09:27.709637046,positive
REV-000524,DTC,储奶袋100只,3,用户评价内容,2026-02-28 08:49:51.739674593,positive
REV-000525,Amazon,哺乳内衣,5,用户评价内容,2026-02-28 11:30:15.769712140,positive
REV-000526,TikTok,温奶器,1,用户评价内容,2026-02-28 14:10:39.799749687,negative
REV-000527,TikTok,哺乳内衣,4,用户评价内容,2026-02-28 16:51:03.829787234,positive
REV-000528,Amazon,温奶器,1,用户评价内容,2026-02-28 19:31:27.859824781,positive
REV-000529,DTC,奶瓶套装,2,用户评价内容,2026-02-28 22:11:51.889862328,positive
REV-000530,Amazon,储奶袋100只,1,用户评价内容,2026-03-01 00:52:15.919899875,neutral
REV-000531,Amazon,温奶器,1,用户评价内容,2026-03-01 03:32:39.949937422,positive
REV-000532,TikTok,哺乳内衣,3,用户评价内容,2026-03-01 06:13:03.979974969,positive
REV-000533,DTC,储奶袋100只,5,用户评价内容,2026-03-01 08:53:28.010012516,negative
REV-000534,DTC,储奶袋100只,4,用户评价内容,2026-03-01 11:33:52.040050063,positive
REV-000535,TikTok,储奶袋100只,5,用户评价内容,2026-03-01 14:14:16.070087609,positive
REV-000536,TikTok,温奶器,3,用户评价内容,2026-03-01 16:54:40.100125156,positive
REV-000537,TikTok,吸奶器Pro,1,用户评价内容,2026-03-01 19:35:04.130162703,positive
REV-000538,TikTok,哺乳内衣,2,用户评价内容,2026-03-01 22:15:28.160200250,neutral
REV-000539,DTC,奶瓶套装,5,用户评价内容,2026-03-02 00:55:52.190237797,negative
REV-000540,DTC,吸奶器Pro,1,用户评价内容,2026-03-02 03:36:16.220275344,positive
REV-000541,Amazon,哺乳内衣,1,用户评价内容,2026-03-02 06:16:40.250312891,negative
REV-000542,TikTok,哺乳内衣,5,用户评价内容,2026-03-02 08:57:04.280350438,neutral
REV-000543,Amazon,哺乳内衣,1,用户评价内容,2026-03-02 11:37:28.310387985,positive
REV-000544,TikTok,奶瓶套装,5,用户评价内容,2026-03-02 14:17:52.340425532,positive
REV-000545,TikTok,储奶袋100只,4,用户评价内容,2026-03-02 16:58:16.370463079,positive
REV-000546,Amazon,吸奶器Pro,4,用户评价内容,2026-03-02 19:38:40.400500626,negative
REV-000547,TikTok,吸奶器Pro,3,用户评价内容,2026-03-02 22:19:04.430538173,positive
REV-000548,TikTok,储奶袋100只,1,用户评价内容,2026-03-03 00:59:28.460575720,positive
REV-000549,DTC,哺乳内衣,3,用户评价内容,2026-03-03 03:39:52.490613267,neutral
REV-000550,DTC,吸奶器Pro,5,用户评价内容,2026-03-03 06:20:16.520650813,negative
REV-000551,TikTok,温奶器,5,用户评价内容,2026-03-03 09:00:40.550688360,neutral
REV-000552,DTC,奶瓶套装,3,用户评价内容,2026-03-03 11:41:04.580725907,neutral
REV-000553,Amazon,储奶袋100只,5,用户评价内容,2026-03-03 14:21:28.610763454,positive
REV-000554,Amazon,温奶器,4,用户评价内容,2026-03-03 17:01:52.640801001,negative
REV-000555,TikTok,吸奶器Pro,1,用户评价内容,2026-03-03 19:42:16.670838548,positive
REV-000556,DTC,温奶器,4,用户评价内容,2026-03-03 22:22:40.700876095,positive
REV-000557,Amazon,储奶袋100只,4,用户评价内容,2026-03-04 01:03:04.730913642,negative
REV-000558,TikTok,储奶袋100只,3,用户评价内容,2026-03-04 03:43:28.760951189,positive
REV-000559,Amazon,奶瓶套装,4,用户评价内容,2026-03-04 06:23:52.790988736,positive
REV-000560,Amazon,温奶器,5,用户评价内容,2026-03-04 09:04:16.821026283,neutral
REV-000561,DTC,储奶袋100只,3,用户评价内容,2026-03-04 11:44:40.851063830,positive
REV-000562,Amazon,温奶器,2,用户评价内容,2026-03-04 14:25:04.881101377,positive
REV-000563,DTC,储奶袋100只,5,用户评价内容,2026-03-04 17:05:28.911138924,neutral
REV-000564,TikTok,储奶袋100只,5,用户评价内容,2026-03-04 19:45:52.941176471,neutral
REV-000565,TikTok,哺乳内衣,4,用户评价内容,2026-03-04 22:26:16.971214017,neutral
REV-000566,TikTok,哺乳内衣,4,用户评价内容,2026-03-05 01:06:41.001251564,positive
REV-000567,Amazon,储奶袋100只,1,用户评价内容,2026-03-05 03:47:05.031289111,positive
REV-000568,Amazon,吸奶器Pro,3,用户评价内容,2026-03-05 06:27:29.061326658,neutral
REV-000569,TikTok,储奶袋100只,1,用户评价内容,2026-03-05 09:07:53.091364205,positive
REV-000570,DTC,奶瓶套装,3,用户评价内容,2026-03-05 11:48:17.121401752,positive
REV-000571,TikTok,吸奶器Pro,5,用户评价内容,2026-03-05 14:28:41.151439299,positive
REV-000572,Amazon,吸奶器Pro,2,用户评价内容,2026-03-05 17:09:05.181476846,positive
REV-000573,TikTok,温奶器,5,用户评价内容,2026-03-05 19:49:29.211514393,positive
REV-000574,DTC,吸奶器Pro,1,用户评价内容,2026-03-05 22:29:53.241551940,neutral
REV-000575,TikTok,奶瓶套装,1,用户评价内容,2026-03-06 01:10:17.271589487,negative
REV-000576,Amazon,哺乳内衣,5,用户评价内容,2026-03-06 03:50:41.301627034,positive
REV-000577,DTC,储奶袋100只,1,用户评价内容,2026-03-06 06:31:05.331664581,neutral
REV-000578,TikTok,奶瓶套装,4,用户评价内容,2026-03-06 09:11:29.361702128,positive
REV-000579,DTC,吸奶器Pro,4,用户评价内容,2026-03-06 11:51:53.391739675,positive
REV-000580,DTC,哺乳内衣,2,用户评价内容,2026-03-06 14:32:17.421777221,neutral
REV-000581,Amazon,哺乳内衣,1,用户评价内容,2026-03-06 17:12:41.451814768,positive
REV-000582,TikTok,温奶器,2,用户评价内容,2026-03-06 19:53:05.481852315,negative
REV-000583,Amazon,温奶器,1,用户评价内容,2026-03-06 22:33:29.511889862,positive
REV-000584,DTC,储奶袋100只,4,用户评价内容,2026-03-07 01:13:53.541927409,positive
REV-000585,TikTok,吸奶器Pro,5,用户评价内容,2026-03-07 03:54:17.571964956,positive
REV-000586,DTC,储奶袋100只,5,用户评价内容,2026-03-07 06:34:41.602002503,positive
REV-000587,DTC,吸奶器Pro,5,用户评价内容,2026-03-07 09:15:05.632040050,negative
REV-000588,Amazon,奶瓶套装,4,用户评价内容,2026-03-07 11:55:29.662077597,neutral
REV-000589,DTC,吸奶器Pro,5,用户评价内容,2026-03-07 14:35:53.692115144,positive
REV-000590,TikTok,温奶器,4,用户评价内容,2026-03-07 17:16:17.722152691,positive
REV-000591,Amazon,哺乳内衣,4,用户评价内容,2026-03-07 19:56:41.752190238,neutral
REV-000592,DTC,储奶袋100只,5,用户评价内容,2026-03-07 22:37:05.782227785,neutral
REV-000593,DTC,温奶器,2,用户评价内容,2026-03-08 01:17:29.812265332,positive
REV-000594,Amazon,哺乳内衣,3,用户评价内容,2026-03-08 03:57:53.842302879,positive
REV-000595,TikTok,奶瓶套装,5,用户评价内容,2026-03-08 06:38:17.872340425,positive
REV-000596,DTC,吸奶器Pro,2,用户评价内容,2026-03-08 09:18:41.902377972,positive
REV-000597,Amazon,储奶袋100只,2,用户评价内容,2026-03-08 11:59:05.932415519,positive
REV-000598,DTC,奶瓶套装,1,用户评价内容,2026-03-08 14:39:29.962453066,positive
REV-000599,TikTok,哺乳内衣,2,用户评价内容,2026-03-08 17:19:53.992490613,positive
REV-000600,TikTok,储奶袋100只,3,用户评价内容,2026-03-08 20:00:18.022528160,positive
REV-000601,DTC,哺乳内衣,5,用户评价内容,2026-03-08 22:40:42.052565707,positive
REV-000602,DTC,储奶袋100只,1,用户评价内容,2026-03-09 01:21:06.082603254,negative
REV-000603,TikTok,储奶袋100只,4,用户评价内容,2026-03-09 04:01:30.112640801,positive
REV-000604,Amazon,奶瓶套装,4,用户评价内容,2026-03-09 06:41:54.142678348,positive
REV-000605,Amazon,吸奶器Pro,5,用户评价内容,2026-03-09 09:22:18.172715895,positive
REV-000606,DTC,奶瓶套装,4,用户评价内容,2026-03-09 12:02:42.202753442,positive
REV-000607,DTC,储奶袋100只,1,用户评价内容,2026-03-09 14:43:06.232790989,negative
REV-000608,DTC,储奶袋100只,3,用户评价内容,2026-03-09 17:23:30.262828536,positive
REV-000609,Amazon,哺乳内衣,5,用户评价内容,2026-03-09 20:03:54.292866083,positive
REV-000610,TikTok,储奶袋100只,5,用户评价内容,2026-03-09 22:44:18.322903629,negative
REV-000611,DTC,哺乳内衣,4,用户评价内容,2026-03-10 01:24:42.352941176,neutral
REV-000612,TikTok,哺乳内衣,5,用户评价内容,2026-03-10 04:05:06.382978723,neutral
REV-000613,TikTok,哺乳内衣,4,用户评价内容,2026-03-10 06:45:30.413016270,positive
REV-000614,TikTok,储奶袋100只,1,用户评价内容,2026-03-10 09:25:54.443053817,positive
REV-000615,DTC,温奶器,5,用户评价内容,2026-03-10 12:06:18.473091364,neutral
REV-000616,DTC,储奶袋100只,1,用户评价内容,2026-03-10 14:46:42.503128911,positive
REV-000617,Amazon,储奶袋100只,2,用户评价内容,2026-03-10 17:27:06.533166458,neutral
REV-000618,DTC,温奶器,2,用户评价内容,2026-03-10 20:07:30.563204005,neutral
REV-000619,TikTok,储奶袋100只,4,用户评价内容,2026-03-10 22:47:54.593241552,positive
REV-000620,DTC,哺乳内衣,1,用户评价内容,2026-03-11 01:28:18.623279099,positive
REV-000621,Amazon,吸奶器Pro,4,用户评价内容,2026-03-11 04:08:42.653316646,positive
REV-000622,Amazon,哺乳内衣,5,用户评价内容,2026-03-11 06:49:06.683354193,positive
REV-000623,DTC,温奶器,4,用户评价内容,2026-03-11 09:29:30.713391740,neutral
REV-000624,DTC,哺乳内衣,2,用户评价内容,2026-03-11 12:09:54.743429287,neutral
REV-000625,TikTok,奶瓶套装,5,用户评价内容,2026-03-11 14:50:18.773466833,positive
REV-000626,TikTok,温奶器,2,用户评价内容,2026-03-11 17:30:42.803504380,neutral
REV-000627,DTC,储奶袋100只,4,用户评价内容,2026-03-11 20:11:06.833541927,positive
REV-000628,DTC,储奶袋100只,3,用户评价内容,2026-03-11 22:51:30.863579474,neutral
REV-000629,TikTok,吸奶器Pro,1,用户评价内容,2026-03-12 01:31:54.893617021,positive
REV-000630,Amazon,哺乳内衣,1,用户评价内容,2026-03-12 04:12:18.923654568,neutral
REV-000631,DTC,哺乳内衣,1,用户评价内容,2026-03-12 06:52:42.953692115,neutral
REV-000632,DTC,哺乳内衣,5,用户评价内容,2026-03-12 09:33:06.983729662,positive
REV-000633,TikTok,哺乳内衣,5,用户评价内容,2026-03-12 12:13:31.013767209,positive
REV-000634,TikTok,吸奶器Pro,3,用户评价内容,2026-03-12 14:53:55.043804756,negative
REV-000635,DTC,哺乳内衣,5,用户评价内容,2026-03-12 17:34:19.073842303,positive
REV-000636,DTC,哺乳内衣,1,用户评价内容,2026-03-12 20:14:43.103879850,neutral
REV-000637,TikTok,储奶袋100只,5,用户评价内容,2026-03-12 22:55:07.133917397,negative
REV-000638,DTC,奶瓶套装,2,用户评价内容,2026-03-13 01:35:31.163954944,negative
REV-000639,Amazon,温奶器,1,用户评价内容,2026-03-13 04:15:55.193992491,positive
REV-000640,Amazon,奶瓶套装,4,用户评价内容,2026-03-13 06:56:19.224030038,neutral
REV-000641,TikTok,哺乳内衣,2,用户评价内容,2026-03-13 09:36:43.254067584,negative
REV-000642,DTC,奶瓶套装,2,用户评价内容,2026-03-13 12:17:07.284105131,positive
REV-000643,Amazon,哺乳内衣,4,用户评价内容,2026-03-13 14:57:31.314142678,positive
REV-000644,TikTok,哺乳内衣,2,用户评价内容,2026-03-13 17:37:55.344180225,positive
REV-000645,TikTok,哺乳内衣,4,用户评价内容,2026-03-13 20:18:19.374217772,neutral
REV-000646,DTC,哺乳内衣,1,用户评价内容,2026-03-13 22:58:43.404255319,positive
REV-000647,Amazon,温奶器,1,用户评价内容,2026-03-14 01:39:07.434292866,positive
REV-000648,TikTok,储奶袋100只,2,用户评价内容,2026-03-14 04:19:31.464330413,positive
REV-000649,Amazon,温奶器,4,用户评价内容,2026-03-14 06:59:55.494367960,neutral
REV-000650,DTC,哺乳内衣,2,用户评价内容,2026-03-14 09:40:19.524405507,positive
REV-000651,TikTok,奶瓶套装,1,用户评价内容,2026-03-14 12:20:43.554443054,negative
REV-000652,DTC,储奶袋100只,4,用户评价内容,2026-03-14 15:01:07.584480601,neutral
REV-000653,Amazon,奶瓶套装,3,用户评价内容,2026-03-14 17:41:31.614518148,negative
REV-000654,Amazon,哺乳内衣,3,用户评价内容,2026-03-14 20:21:55.644555695,negative
REV-000655,DTC,储奶袋100只,2,用户评价内容,2026-03-14 23:02:19.674593242,positive
REV-000656,TikTok,储奶袋100只,1,用户评价内容,2026-03-15 01:42:43.704630788,neutral
REV-000657,TikTok,温奶器,1,用户评价内容,2026-03-15 04:23:07.734668335,positive
REV-000658,Amazon,奶瓶套装,4,用户评价内容,2026-03-15 07:03:31.764705882,negative
REV-000659,Amazon,哺乳内衣,1,用户评价内容,2026-03-15 09:43:55.794743429,positive
REV-000660,TikTok,吸奶器Pro,2,用户评价内容,2026-03-15 12:24:19.824780976,neutral
REV-000661,Amazon,吸奶器Pro,5,用户评价内容,2026-03-15 15:04:43.854818523,neutral
REV-000662,Amazon,温奶器,2,用户评价内容,2026-03-15 17:45:07.884856070,positive
REV-000663,DTC,吸奶器Pro,4,用户评价内容,2026-03-15 20:25:31.914893617,neutral
REV-000664,DTC,哺乳内衣,2,用户评价内容,2026-03-15 23:05:55.944931164,positive
REV-000665,Amazon,温奶器,5,用户评价内容,2026-03-16 01:46:19.974968711,positive
REV-000666,Amazon,奶瓶套装,5,用户评价内容,2026-03-16 04:26:44.005006258,positive
REV-000667,Amazon,温奶器,3,用户评价内容,2026-03-16 07:07:08.035043805,positive
REV-000668,DTC,奶瓶套装,4,用户评价内容,2026-03-16 09:47:32.065081352,positive
REV-000669,Amazon,温奶器,3,用户评价内容,2026-03-16 12:27:56.095118899,negative
REV-000670,Amazon,储奶袋100只,5,用户评价内容,2026-03-16 15:08:20.125156446,positive
REV-000671,DTC,奶瓶套装,2,用户评价内容,2026-03-16 17:48:44.155193992,positive
REV-000672,Amazon,储奶袋100只,5,用户评价内容,2026-03-16 20:29:08.185231539,negative
REV-000673,Amazon,哺乳内衣,4,用户评价内容,2026-03-16 23:09:32.215269086,neutral
REV-000674,DTC,吸奶器Pro,4,用户评价内容,2026-03-17 01:49:56.245306633,positive
REV-000675,Amazon,温奶器,2,用户评价内容,2026-03-17 04:30:20.275344180,negative
REV-000676,DTC,吸奶器Pro,5,用户评价内容,2026-03-17 07:10:44.305381727,positive
REV-000677,DTC,储奶袋100只,4,用户评价内容,2026-03-17 09:51:08.335419274,positive
REV-000678,DTC,奶瓶套装,5,用户评价内容,2026-03-17 12:31:32.365456821,positive
REV-000679,DTC,吸奶器Pro,5,用户评价内容,2026-03-17 15:11:56.395494368,neutral
REV-000680,TikTok,奶瓶套装,1,用户评价内容,2026-03-17 17:52:20.425531915,positive
REV-000681,Amazon,温奶器,5,用户评价内容,2026-03-17 20:32:44.455569462,positive
REV-000682,Amazon,温奶器,5,用户评价内容,2026-03-17 23:13:08.485607009,neutral
REV-000683,Amazon,吸奶器Pro,2,用户评价内容,2026-03-18 01:53:32.515644556,positive
REV-000684,TikTok,奶瓶套装,5,用户评价内容,2026-03-18 04:33:56.545682103,positive
REV-000685,TikTok,奶瓶套装,3,用户评价内容,2026-03-18 07:14:20.575719650,neutral
REV-000686,TikTok,吸奶器Pro,2,用户评价内容,2026-03-18 09:54:44.605757196,neutral
REV-000687,DTC,哺乳内衣,2,用户评价内容,2026-03-18 12:35:08.635794743,positive
REV-000688,DTC,奶瓶套装,2,用户评价内容,2026-03-18 15:15:32.665832290,positive
REV-000689,DTC,哺乳内衣,1,用户评价内容,2026-03-18 17:55:56.695869837,negative
REV-000690,Amazon,储奶袋100只,4,用户评价内容,2026-03-18 20:36:20.725907384,positive
REV-000691,DTC,储奶袋100只,4,用户评价内容,2026-03-18 23:16:44.755944931,positive
REV-000692,DTC,哺乳内衣,4,用户评价内容,2026-03-19 01:57:08.785982478,positive
REV-000693,Amazon,哺乳内衣,3,用户评价内容,2026-03-19 04:37:32.816020025,positive
REV-000694,TikTok,吸奶器Pro,2,用户评价内容,2026-03-19 07:17:56.846057572,negative
REV-000695,TikTok,储奶袋100只,4,用户评价内容,2026-03-19 09:58:20.876095119,positive
REV-000696,Amazon,奶瓶套装,5,用户评价内容,2026-03-19 12:38:44.906132666,positive
REV-000697,TikTok,温奶器,1,用户评价内容,2026-03-19 15:19:08.936170213,positive
REV-000698,Amazon,储奶袋100只,2,用户评价内容,2026-03-19 17:59:32.966207760,positive
REV-000699,TikTok,储奶袋100只,5,用户评价内容,2026-03-19 20:39:56.996245307,positive
REV-000700,TikTok,温奶器,5,用户评价内容,2026-03-19 23:20:21.026282854,negative
REV-000701,Amazon,哺乳内衣,5,用户评价内容,2026-03-20 02:00:45.056320400,neutral
REV-000702,DTC,温奶器,1,用户评价内容,2026-03-20 04:41:09.086357947,positive
REV-000703,Amazon,哺乳内衣,3,用户评价内容,2026-03-20 07:21:33.116395494,positive
REV-000704,TikTok,温奶器,1,用户评价内容,2026-03-20 10:01:57.146433041,positive
REV-000705,Amazon,吸奶器Pro,5,用户评价内容,2026-03-20 12:42:21.176470588,positive
REV-000706,Amazon,储奶袋100只,3,用户评价内容,2026-03-20 15:22:45.206508135,positive
REV-000707,Amazon,储奶袋100只,2,用户评价内容,2026-03-20 18:03:09.236545682,positive
REV-000708,Amazon,吸奶器Pro,1,用户评价内容,2026-03-20 20:43:33.266583229,neutral
REV-000709,Amazon,哺乳内衣,4,用户评价内容,2026-03-20 23:23:57.296620776,negative
REV-000710,DTC,哺乳内衣,5,用户评价内容,2026-03-21 02:04:21.326658323,positive
REV-000711,DTC,吸奶器Pro,5,用户评价内容,2026-03-21 04:44:45.356695870,negative
REV-000712,DTC,吸奶器Pro,5,用户评价内容,2026-03-21 07:25:09.386733417,positive
REV-000713,Amazon,吸奶器Pro,5,用户评价内容,2026-03-21 10:05:33.416770964,positive
REV-000714,Amazon,奶瓶套装,4,用户评价内容,2026-03-21 12:45:57.446808511,neutral
REV-000715,TikTok,奶瓶套装,5,用户评价内容,2026-03-21 15:26:21.476846058,positive
REV-000716,Amazon,储奶袋100只,5,用户评价内容,2026-03-21 18:06:45.506883604,positive
REV-000717,Amazon,温奶器,3,用户评价内容,2026-03-21 20:47:09.536921151,neutral
REV-000718,DTC,储奶袋100只,4,用户评价内容,2026-03-21 23:27:33.566958698,positive
REV-000719,Amazon,奶瓶套装,5,用户评价内容,2026-03-22 02:07:57.596996245,negative
REV-000720,DTC,奶瓶套装,1,用户评价内容,2026-03-22 04:48:21.627033792,positive
REV-000721,TikTok,储奶袋100只,4,用户评价内容,2026-03-22 07:28:45.657071339,neutral
REV-000722,Amazon,温奶器,2,用户评价内容,2026-03-22 10:09:09.687108886,positive
REV-000723,TikTok,温奶器,1,用户评价内容,2026-03-22 12:49:33.717146433,positive
REV-000724,DTC,吸奶器Pro,1,用户评价内容,2026-03-22 15:29:57.747183980,positive
REV-000725,DTC,奶瓶套装,1,用户评价内容,2026-03-22 18:10:21.777221527,negative
REV-000726,DTC,吸奶器Pro,5,用户评价内容,2026-03-22 20:50:45.807259074,positive
REV-000727,DTC,奶瓶套装,4,用户评价内容,2026-03-22 23:31:09.837296621,negative
REV-000728,Amazon,哺乳内衣,1,用户评价内容,2026-03-23 02:11:33.867334168,positive
REV-000729,Amazon,奶瓶套装,4,用户评价内容,2026-03-23 04:51:57.897371715,positive
REV-000730,TikTok,储奶袋100只,4,用户评价内容,2026-03-23 07:32:21.927409262,positive
REV-000731,Amazon,储奶袋100只,3,用户评价内容,2026-03-23 10:12:45.957446808,positive
REV-000732,TikTok,储奶袋100只,4,用户评价内容,2026-03-23 12:53:09.987484355,negative
REV-000733,DTC,储奶袋100只,5,用户评价内容,2026-03-23 15:33:34.017521902,positive
REV-000734,TikTok,储奶袋100只,3,用户评价内容,2026-03-23 18:13:58.047559449,neutral
REV-000735,DTC,哺乳内衣,4,用户评价内容,2026-03-23 20:54:22.077596996,positive
REV-000736,DTC,吸奶器Pro,3,用户评价内容,2026-03-23 23:34:46.107634543,positive
REV-000737,DTC,吸奶器Pro,2,用户评价内容,2026-03-24 02:15:10.137672090,neutral
REV-000738,DTC,奶瓶套装,5,用户评价内容,2026-03-24 04:55:34.167709637,negative
REV-000739,Amazon,哺乳内衣,3,用户评价内容,2026-03-24 07:35:58.197747184,neutral
REV-000740,DTC,储奶袋100只,4,用户评价内容,2026-03-24 10:16:22.227784731,positive
REV-000741,DTC,储奶袋100只,4,用户评价内容,2026-03-24 12:56:46.257822278,neutral
REV-000742,Amazon,哺乳内衣,4,用户评价内容,2026-03-24 15:37:10.287859825,neutral
REV-000743,TikTok,储奶袋100只,4,用户评价内容,2026-03-24 18:17:34.317897372,positive
REV-000744,DTC,哺乳内衣,4,用户评价内容,2026-03-24 20:57:58.347934919,neutral
REV-000745,Amazon,吸奶器Pro,3,用户评价内容,2026-03-24 23:38:22.377972466,positive
REV-000746,TikTok,吸奶器Pro,4,用户评价内容,2026-03-25 02:18:46.408010012,neutral
REV-000747,Amazon,奶瓶套装,3,用户评价内容,2026-03-25 04:59:10.438047559,negative
REV-000748,DTC,储奶袋100只,2,用户评价内容,2026-03-25 07:39:34.468085106,negative
REV-000749,DTC,哺乳内衣,4,用户评价内容,2026-03-25 10:19:58.498122653,neutral
REV-000750,DTC,奶瓶套装,5,用户评价内容,2026-03-25 13:00:22.528160200,neutral
REV-000751,TikTok,储奶袋100只,4,用户评价内容,2026-03-25 15:40:46.558197747,neutral
REV-000752,TikTok,吸奶器Pro,4,用户评价内容,2026-03-25 18:21:10.588235294,positive
REV-000753,DTC,吸奶器Pro,5,用户评价内容,2026-03-25 21:01:34.618272841,positive
REV-000754,TikTok,哺乳内衣,2,用户评价内容,2026-03-25 23:41:58.648310388,positive
REV-000755,TikTok,储奶袋100只,1,用户评价内容,2026-03-26 02:22:22.678347935,positive
REV-000756,TikTok,奶瓶套装,2,用户评价内容,2026-03-26 05:02:46.708385482,negative
REV-000757,DTC,温奶器,4,用户评价内容,2026-03-26 07:43:10.738423029,negative
REV-000758,Amazon,温奶器,5,用户评价内容,2026-03-26 10:23:34.768460576,positive
REV-000759,Amazon,储奶袋100只,3,用户评价内容,2026-03-26 13:03:58.798498123,positive
REV-000760,DTC,吸奶器Pro,4,用户评价内容,2026-03-26 15:44:22.828535670,neutral
REV-000761,DTC,哺乳内衣,1,用户评价内容,2026-03-26 18:24:46.858573216,positive
REV-000762,Amazon,哺乳内衣,4,用户评价内容,2026-03-26 21:05:10.888610763,neutral
REV-000763,Amazon,储奶袋100只,4,用户评价内容,2026-03-26 23:45:34.918648310,negative
REV-000764,TikTok,奶瓶套装,3,用户评价内容,2026-03-27 02:25:58.948685857,positive
REV-000765,TikTok,吸奶器Pro,4,用户评价内容,2026-03-27 05:06:22.978723404,positive
REV-000766,TikTok,哺乳内衣,3,用户评价内容,2026-03-27 07:46:47.008760951,positive
REV-000767,Amazon,哺乳内衣,3,用户评价内容,2026-03-27 10:27:11.038798498,positive
REV-000768,Amazon,储奶袋100只,4,用户评价内容,2026-03-27 13:07:35.068836045,positive
REV-000769,Amazon,奶瓶套装,4,用户评价内容,2026-03-27 15:47:59.098873592,positive
REV-000770,TikTok,储奶袋100只,2,用户评价内容,2026-03-27 18:28:23.128911139,positive
REV-000771,DTC,吸奶器Pro,2,用户评价内容,2026-03-27 21:08:47.158948686,positive
REV-000772,TikTok,吸奶器Pro,3,用户评价内容,2026-03-27 23:49:11.188986233,positive
REV-000773,DTC,温奶器,2,用户评价内容,2026-03-28 02:29:35.219023780,neutral
REV-000774,DTC,奶瓶套装,2,用户评价内容,2026-03-28 05:09:59.249061327,positive
REV-000775,DTC,吸奶器Pro,2,用户评价内容,2026-03-28 07:50:23.279098874,negative
REV-000776,TikTok,吸奶器Pro,2,用户评价内容,2026-03-28 10:30:47.309136420,positive
REV-000777,DTC,储奶袋100只,3,用户评价内容,2026-03-28 13:11:11.339173967,positive
REV-000778,DTC,温奶器,3,用户评价内容,2026-03-28 15:51:35.369211514,positive
REV-000779,TikTok,储奶袋100只,4,用户评价内容,2026-03-28 18:31:59.399249061,neutral
REV-000780,DTC,温奶器,2,用户评价内容,2026-03-28 21:12:23.429286608,positive
REV-000781,TikTok,奶瓶套装,5,用户评价内容,2026-03-28 23:52:47.459324155,positive
REV-000782,DTC,哺乳内衣,3,用户评价内容,2026-03-29 02:33:11.489361702,positive
REV-000783,TikTok,哺乳内衣,4,用户评价内容,2026-03-29 05:13:35.519399249,negative
REV-000784,DTC,吸奶器Pro,1,用户评价内容,2026-03-29 07:53:59.549436796,positive
REV-000785,DTC,吸奶器Pro,1,用户评价内容,2026-03-29 10:34:23.579474343,positive
REV-000786,Amazon,温奶器,3,用户评价内容,2026-03-29 13:14:47.609511890,negative
REV-000787,DTC,温奶器,2,用户评价内容,2026-03-29 15:55:11.639549437,positive
REV-000788,Amazon,吸奶器Pro,3,用户评价内容,2026-03-29 18:35:35.669586984,positive
REV-000789,DTC,哺乳内衣,1,用户评价内容,2026-03-29 21:15:59.699624531,neutral
REV-000790,TikTok,温奶器,3,用户评价内容,2026-03-29 23:56:23.729662078,positive
REV-000791,DTC,温奶器,4,用户评价内容,2026-03-30 02:36:47.759699624,positive
REV-000792,DTC,储奶袋100只,4,用户评价内容,2026-03-30 05:17:11.789737171,positive
REV-000793,Amazon,温奶器,2,用户评价内容,2026-03-30 07:57:35.819774718,positive
REV-000794,TikTok,哺乳内衣,2,用户评价内容,2026-03-30 10:37:59.849812265,negative
REV-000795,DTC,温奶器,3,用户评价内容,2026-03-30 13:18:23.879849812,neutral
REV-000796,DTC,吸奶器Pro,3,用户评价内容,2026-03-30 15:58:47.909887359,positive
REV-000797,Amazon,哺乳内衣,4,用户评价内容,2026-03-30 18:39:11.939924906,positive
REV-000798,Amazon,吸奶器Pro,2,用户评价内容,2026-03-30 21:19:35.969962453,neutral
REV-000799,Amazon,储奶袋100只,4,用户评价内容,2026-03-31 00:00:00.000000000,neutral
